,hash,author,date,commit_message,is_merge,codebase_size,lines_changed,total_lines_changed,insertions,deletions,dmm_unit_size,dmm_unit_complexity,dmm_unit_interfacing
0,9ab86189068a665bea7110bc3e19edcfc4b0587e,Areski Belaid,2013-04-08 10:46:24+00:00,import nvd3 python,False,442,442,442,442,0,0.46794871794871795,0.46794871794871795,0.42948717948717946
1,a586acde31b11e85e0d3c1a3320c18b331f0d68c,Areski Belaid,2013-04-08 10:56:02+00:00,project skel,False,627,185,627,185,0,0.18181818181818182,0.18181818181818182,0.18181818181818182
2,9ecf439757aa8de067f47bd63414aee9ce19540a,Areski Belaid,2013-04-08 11:12:14+00:00,add docs,False,1326,703,1330,701,2,,,
3,192162cfdb9ba9b862499522467914dbc3c7bd51,Areski Belaid,2013-04-08 11:25:13+00:00,clean up code header / add more info on the top file nvd3.py,False,1304,64,1394,21,43,,,
4,80bc5c1efc72bb02148b7736dcc015e479bcba92,Areski Belaid,2013-04-08 11:58:25+00:00,improve samples data,False,1315,89,1483,50,39,1.0,0.0,0.0
5,ed029fb17cbdfbfd880a47f551d16891409a02d8,Areski Belaid,2013-04-08 12:01:17+00:00,add examples py file,False,1324,185,1668,97,88,,,
6,84b381017372428ea8801db74ae423358ae76b12,Areski Belaid,2013-04-08 13:35:10+00:00,update documentation / example / add screenshot,False,1354,100,1768,65,35,,,
7,af046ef2b0a5d8e0483a95a26357504e5824b304,Areski Belaid,2013-04-08 15:15:31+00:00,update doc / improve code,False,1402,108,1876,78,30,1.0,1.0,1.0
8,cc8692150ea59f5720ccce9d85d96c83b4434ba5,Areski Belaid,2013-04-08 15:18:01+00:00,update version,False,1402,2,1878,1,1,,,
9,1c7547c8a54e0dc335a4abe7c060ee816b1ffee8,Areski Belaid,2013-04-08 16:02:52+00:00,add stackedAreaChart support + refactor code,False,1429,71,1949,49,22,1.0,1.0,0.0
10,1519539fa1916fbd387aa556200caf50af7a389d,Areski Belaid,2013-04-08 17:13:06+00:00,refactoring,False,1444,91,2040,53,38,1.0,1.0,0.9230769230769231
11,bbc9baba5f34cc29582378c433bd16588c07e85d,Areski Belaid,2013-04-08 17:13:17+00:00,add new example,False,1474,30,2070,30,0,,,
12,d1f9ac9950bfa6be3611fe51e52d82ee027fe294,Shrenik Patel,2013-04-09 06:20:08+00:00,add sample doc string on nvd3 classes,False,1525,51,2121,51,0,,,
13,6c29f208825c5146befb99b60b085397f635b6ab,Shrenik Patel,2013-04-09 07:10:23+00:00,add sample doc string on nvd3 classes,False,1585,72,2193,66,6,,,
14,f86f334cac9a12f39f47bb5a2700ff7e08efa06e,Shrenik Patel,2013-04-09 07:31:56+00:00,sample test code file,False,1609,28,2221,26,2,1.0,1.0,1.0
15,405798448c99ee8793e39f5d2625019dbb41d2a6,Shrenik Patel,2013-04-09 07:56:44+00:00,sample testcases,False,1658,55,2276,52,3,1.0,1.0,1.0
16,1b3455c682337a4939b81e932991c4b7b6f9d0b8,Areski Belaid,2013-04-09 09:36:47+00:00,switch example order,False,1657,33,2309,16,17,,,
17,f1785e5969756c42023c60e1d90db4c0c6706544,Shrenik Patel,2013-04-09 09:48:36+00:00,sample doc string on nvd3 classes,False,1698,43,2352,42,1,,,
18,748c62d23681335cb3678f3bcee6efa2263bbf4f,Areski Belaid,2013-04-09 09:53:49+00:00,add new method set_containerheader,False,1699,27,2379,14,13,1.0,1.0,1.0
19,bddcd20c201c1d58a40f9b98db57e5c422af8831,Shrenik Patel,2013-04-09 10:10:21+00:00,sample doc string on nvd3 classes,False,1773,82,2461,78,4,,,
20,023e3c77e40b3ec12a7fb7b662b5bffbf8032573,Shrenik Patel,2013-04-09 10:47:01+00:00,try to override buildjschart for piechart,False,1810,71,2532,54,17,0.0,1.0,1.0
21,60bf359db0ce11decefc084b8fc25f87e6ed40e3,Areski Belaid,2013-04-09 11:03:34+00:00,rollback,False,1810,88,2620,44,44,1.0,0.0,0.0
22,7a9a08be16d10d6f6c189a746b4a4f223203d73f,Areski Belaid,2013-04-09 11:08:50+00:00,method logical/readable  order,False,1814,22,2642,13,9,,,
23,84bb99ec726b773dd52cbdda1db674b500dedfb8,Areski Belaid,2013-04-09 11:57:13+00:00,update header carriage return,False,1817,7,2649,5,2,,,
24,71d1ec53ffa442ea675c832ecb495be8b2aa7842,Shrenik Patel,2013-04-09 12:53:55+00:00,comment code for tooltip,False,1820,3,2652,3,0,,,
25,86a0484b898a27f8372ad4eb1b397f7adfea7df3,Shrenik Patel,2013-04-10 06:26:41+00:00,sample code to add custom tooltip in jschart,False,1836,20,2672,18,2,0.6666666666666666,0.6666666666666666,0.8888888888888888
26,bdd249b46432278fe5e6bba90e8d2bbe468bae15,Shrenik Patel,2013-04-10 07:56:04+00:00,update on custom tooltip,False,1838,16,2688,9,7,1.0,1.0,1.0
27,5855e5ffe459f6df59b1ccc8d77a0cb98fc4c0f7,Shrenik Patel,2013-04-10 10:32:44+00:00,update example,False,1842,18,2706,11,7,1.0,1.0,0.0
28,eff6c26160d7170f7bae0200c7b602e78843d2f2,Shrenik Patel,2013-04-10 13:41:34+00:00,fix time series,False,1843,27,2733,14,13,0.0,0.0,0.0
29,4db3fe8321be9b58af3ff8152be797e083df8307,Shrenik Patel,2013-04-11 06:00:22+00:00,fix tooltip msg,False,1844,3,2736,2,1,1.0,1.0,1.0
30,a29b4247ac752b5b085f737a1d6908a77e4a5be3,Shrenik Patel,2013-04-11 10:16:59+00:00,update pie chart js code,False,1824,54,2790,17,37,0.8333333333333334,0.8333333333333334,1.0
31,4e81b27f9a2c663c275a734c3c9ebf6d8bca282e,Areski Belaid,2013-04-11 13:17:27+00:00,add series,False,1824,4,2794,2,2,,,
32,dee811943dc00f91f169739d574919c9199e3123,Shrenik Patel,2013-04-11 13:49:01+00:00,add multiBarHorizontalChart example,False,1907,83,2877,83,0,1.0,1.0,0.0
33,095c4c8de5f0c7c7b89e907d8e345aa7b12776cf,Areski Belaid,2013-04-11 13:55:56+00:00,fix style,False,1894,21,2898,4,17,1.0,1.0,0.0
34,4d907b4436c29e19f15f29dc32bd18b48eada709,Shrenik Patel,2013-04-11 14:19:56+00:00,moved MultiBarChart code to examples01.py,False,1897,43,2941,23,20,,,
35,c45fe5d2e0d6ecd564d6e2007bdc9736e08b1773,Shrenik Patel,2013-04-12 07:51:26+00:00,add example for linePlusBarChart,False,2000,115,3056,109,6,1.0,1.0,0.0
36,bdc2d050df5bfc208a720933e12c8eaa13a485bc,Shrenik Patel,2013-04-12 08:09:10+00:00,add example for cumulativeLineChart,False,2099,103,3159,101,2,1.0,1.0,0.0
37,097dd64014a63d22b1e9060dc7a52409d683e50b,Shrenik Patel,2013-04-12 10:00:00+00:00,add example for discreteBarChart,False,2167,70,3229,69,1,1.0,0.0,0.0
38,1e077e54a36b86958e3cdc06dc40a78f1c7d2ac6,Shrenik Patel,2013-04-12 11:31:11+00:00,add example of sin/cos wave,False,2200,65,3294,49,16,,,
39,14ac0d26012b3d5fa6a05d25b52037661df3341d,Shrenik Patel,2013-04-12 12:38:35+00:00,change set_axis to create_x_axis & create_y_axis,False,2213,95,3389,54,41,1.0,1.0,0.0
40,06e06453f78b6ff6f298e496028c8e490e497c32,Shrenik Patel,2013-04-12 12:53:59+00:00,add missing line on lineWithFocusChart class,False,2215,6,3395,4,2,1.0,1.0,0.0
41,b170d6501c8e0b520d3aaea9ff935a6673efc2b5,Shrenik Patel,2013-04-12 13:34:26+00:00,update linePlusBarChart example,False,2215,2,3397,1,1,,,
42,27bf9ffccc4756055443db462315d9e44cf2d12c,Shrenik Patel,2013-04-12 14:31:05+00:00,add example for scatterChart,False,2325,120,3517,115,5,0.5333333333333333,0.5333333333333333,0.26666666666666666
43,61c05c9e27ae216bd802df955339f31ffe29a52e,Shrenik Patel,2013-04-12 14:35:58+00:00,update doc string,False,2330,11,3528,8,3,,,
44,49ce7fe4192d72a21da9154b599afbccfa2fae39,Areski Belaid,2013-04-13 11:42:15+00:00,rework on a clean directory / code structure for new charts,False,2537,2399,5927,1303,1096,,,
45,f40a1762a6cfcbacd5cc2856d0b05904b9413559,Shrenik Patel,2013-04-15 06:25:41+00:00,fix import,False,2537,4,5931,2,2,,,
46,558cf9a203bd0b63e157eb5ea4002103ddaa4a1e,Shrenik Patel,2013-04-15 06:54:54+00:00,update testcases,False,2619,96,6027,89,7,1.0,1.0,1.0
47,6357f04cfccfb69afa42a3ce6dca8c7f71f61a09,Shrenik Patel,2013-04-15 07:54:42+00:00,remove json,False,2617,4,6031,1,3,,,
48,c1abbc7cf397f9c7a06988a9fb635ff653bee408,Shrenik Patel,2013-04-15 08:25:10+00:00,Update scatterChart class,False,2625,20,6051,14,6,1.0,1.0,1.0
49,48fec7b32c3b1a4acc0ca18fda2ccd49e80dda41,Shrenik Patel,2013-04-15 10:27:30+00:00,move scatterChart & fix y-axis tooltip,False,2627,46,6097,24,22,,,
50,cd2a1966900a3b379e4046611686ed37ec93d498,Shrenik Patel,2013-04-15 11:17:59+00:00,update doc string,False,2636,31,6128,20,11,,,
51,f96553439afb99c214775e9212f4cde7c88bcce9,Shrenik Patel,2013-04-15 12:23:05+00:00,move multiBarHorizontalChart example to another file to fix tooltip,False,2655,51,6179,35,16,,,
52,2847dfd37a2ea728a722db3cd718f85c71c3b136,Areski Belaid,2013-04-15 12:32:23+00:00,update doc version,False,2655,4,6183,2,2,,,
53,22754fa1978d823d66a3457cccfd85e28a897939,Shrenik Patel,2013-04-15 14:23:50+00:00,update NVD3Chart class doc string,False,2681,28,6211,27,1,,,
54,add9f948af0cf323becf79f3bd562462088a1f22,Shrenik Patel,2013-04-16 07:22:28+00:00,update chart classes doc string,False,2711,34,6245,32,2,,,
55,94eb5fd0e153c31283ac9281cd1d8c28bfd77d8c,Shrenik Patel,2013-04-16 08:07:08+00:00,update NVD3 class doc string,False,2726,17,6262,16,1,,,
56,80c9226529a2da611356ffd22701e03384824ee0,Shrenik Patel,2013-04-16 08:26:35+00:00,update doc conf + picChart doc,False,2661,83,6345,9,74,,,
57,1770c7ee68e59f51151810bffea6f6d4a0144c91,Shrenik Patel,2013-04-16 08:32:24+00:00,update image path in intro doc,False,2663,30,6375,16,14,,,
58,bca56a269016bae8e35cc516b12253ec546500e6,Shrenik Patel,2013-04-16 08:49:05+00:00,update class doc with automodule/autoclass,False,2104,689,7064,65,624,,,
59,ca77711c44c38f7657686c8390e1fc5428d43653,Shrenik Patel,2013-04-16 09:55:35+00:00,Add NVD3Chart class in doc,False,2090,36,7100,11,25,,,
60,40005ba22e77ea791b8cca6d36e2e26bc3a4d341,Shrenik Patel,2013-04-16 10:58:55+00:00,Update Doc string in NVD3 class,False,2090,50,7150,25,25,,,
61,26ebfc5bdcbe5bf271dcc9765db5b6a85d992ee7,Areski Belaid,2013-04-16 14:05:37+00:00,change version,False,2090,2,7152,1,1,,,
62,b61c1c3c62e8a36e5c38e0892154a520de43cf5a,Areski Belaid,2013-04-16 14:42:46+00:00,update version and changelog,False,2107,21,7173,19,2,,,
63,87a855399bb300716a5809e9a9842ddd8d5b3878,Areski Belaid,2013-04-16 15:10:49+00:00,"fix documentation, javascript generated",False,2107,40,7213,20,20,,,
64,b1b635216cad07de37e0dc7a23eca121bbe88da2,Areski Belaid,2013-04-16 15:18:42+00:00,update README,False,2107,6,7219,3,3,,,
65,40b8a5248dd3e3ae5a77fc20033627b81b4b1810,Areski Belaid,2013-04-16 22:30:07+00:00,add TODO element,False,2106,3,7222,1,2,,,
66,0eeb9112afd3983149f03241d26ff179ea43d980,Shrenik Patel,2013-04-17 06:40:12+00:00,fix type name,False,2106,2,7224,1,1,,,
67,0ffa053a22ab01cd4554fc3e48964bd6814d6c07,Areski Belaid,2013-04-17 07:45:45+00:00,update descripton on pypi,False,2106,2,7226,1,1,,,
68,dd9cecde0729bb46e49c1f8d90bbbcf8de16e5fc,Areski Belaid,2013-04-17 09:02:51+00:00,update README,False,2096,20,7246,5,15,,,
69,6978a51a9e23aebffd7bf3d0645b3d36d41ed266,Shrenik Patel,2013-04-17 14:25:20+00:00,sample code for custom tooltip on piechart,False,2114,22,7268,20,2,0.75,0.75,0.25
70,260fcceb02daff7cf7b5adabc205b2162859bc03,Shrenik Patel,2013-04-17 14:30:34+00:00,sample code for custom tooltip on piechart,False,2117,7,7275,5,2,1.0,0.0,0.0
71,27faad18ae7cf69d36cabfd416e6684771edaf5f,Shrenik Patel,2013-04-17 14:51:07+00:00,update tooltip on multibarhorizontalchart,False,2128,37,7312,24,13,0.0,0.125,0.0
72,12da02419e1673dd6d09fd0d826f84b9a737546a,Areski Belaid,2013-04-17 15:42:15+00:00,fix version and PEP8,False,2128,10,7322,5,5,,,
73,fe04ae05bec9066c7cdcf2ca7f46c276f682c4f9,Areski Belaid,2013-04-17 15:43:39+00:00,fix tests,False,2128,2,7324,1,1,,,
74,a7be5893db0fc92b85eee9cdbf9f4e5f80a86d8d,Shrenik Patel,2013-04-18 06:19:28+00:00,Update NVD3Chart class with custom_tooltip method,False,2132,60,7384,32,28,0.0,0.0,0.0
75,b66c53774453f964707f986393f30c7f2e493874,Shrenik Patel,2013-04-18 07:46:49+00:00,update custom_tooltip method,False,2136,24,7408,14,10,0.0,0.75,0.0
76,c5fb5f30706c30c4ab225470dcd9a8ec7a0bc1ab,Shrenik Patel,2013-04-18 11:16:06+00:00,example chart on call count/duration with custom tooltip,False,2179,55,7463,49,6,0.0,0.0,0.0
77,972fb68b2f598f993fe32eb28a0536a35714bbb2,Areski Belaid,2013-04-18 11:23:31+00:00,Update,False,2179,2,7465,1,1,,,
78,cf82f19cd9cf81b2b4b6fe28e0bc69be3caa9706,Shrenik Patel,2013-04-18 11:35:11+00:00,update function arg,False,2179,6,7471,3,3,,,
79,8e8408b576c512930eac41db1563117deedf2fa0,Areski Belaid,2013-04-18 11:36:50+00:00,Update,False,2177,6,7477,2,4,,,
80,6f0cd007a092e29b229e423121c6d8fd8ddcb57d,Areski Belaid,2013-04-18 11:41:33+00:00,improve API for tooltip,False,2179,6,7483,4,2,,,
81,6bf915b71be0c04e6c304b2ea62cd3787747772d,Shrenik Patel,2013-04-18 12:09:05+00:00,update lineChart example with custom tooltip,False,2150,77,7560,24,53,1.0,1.0,1.0
82,b354834ba0363abb6f8b86a82336ad32fb2a57d6,Shrenik Patel,2013-04-18 12:25:45+00:00,update pieChart example,False,2160,24,7584,17,7,0.0,0.0,0.0
83,24d0c976dcb7d81954d0f8ac50d5b933baf961a0,Shrenik Patel,2013-04-18 13:36:04+00:00,update chart examples,False,2169,49,7633,29,20,0.0,0.0,0.2857142857142857
84,fc05d08c4f8105ca3b91e1dd218d185f681a679b,Shrenik Patel,2013-04-18 14:18:08+00:00,update cumulativeLineChart example,False,2174,19,7652,12,7,0.0,0.0,0.0
85,4cd61ec4c8d6afbf98b76e3ed6e2d86d0d9c3c87,Shrenik Patel,2013-04-18 14:45:38+00:00,working on example02,False,2176,28,7680,15,13,,,
86,608217b0a04a24ac3fb7f2901e0306ac5f8380f7,Areski Belaid,2013-04-18 18:00:40+00:00,work in progress on tooltip,False,2198,52,7732,37,15,0.5,1.0,0.5
87,ed9d8b2a7450fc689838a8355bbb0c3c8f78c60c,Shrenik Patel,2013-04-19 06:14:26+00:00,update example03 multibarhorizontalchart,False,2202,14,7746,9,5,,,
88,d649e81c58b5c569fca18c4b364967f04a7f161f,Shrenik Patel,2013-04-19 06:33:15+00:00,update example02 scatterchart,False,2204,14,7760,8,6,,,
89,92a932768c644a8f40624570bffdbbff460d3f28,Shrenik Patel,2013-04-19 07:16:09+00:00,update tooltip for discretBarChart,False,2216,22,7782,17,5,0.0,1.0,1.0
90,24ef56c3792a142cb4e251526c0ce17775dcdb15,Shrenik Patel,2013-04-19 07:28:59+00:00,Update example01 multibarchart,False,2221,21,7803,13,8,,,
91,7b307aa45c4bb9c233a606989575d1a037bd855e,Shrenik Patel,2013-04-19 07:37:10+00:00,Update NVD3Chart class,False,2221,2,7805,1,1,,0.0,
92,7075ee25cec577fe7d83ede7afbb09e98c0de699,Shrenik Patel,2013-04-19 08:19:22+00:00,update custom_tooltip_flag in NVD3Chart & exampls,False,2211,90,7895,40,50,,,0.0
93,b06750aebc7aaf714cfdb11858d049c492e199d8,Areski Belaid,2013-04-19 08:34:54+00:00,rename piechart example,False,2211,0,7895,0,0,,,
94,50ca817bcd92ddbcc7e85c8cb5ed0cc0e4e0e3cf,Areski Belaid,2013-04-19 08:35:25+00:00,rename multiBarHorizontalChart example,False,2174,37,7932,0,37,,,
95,d11446b98c9ea5ce415da23dd3c54fbb05ef1c19,Areski Belaid,2013-04-19 08:35:29+00:00,rename multiBarHorizontalChart example,False,2211,37,7969,37,0,,,
96,acd10e8e42715813961a0c3c62057c64ca81d9d7,Areski Belaid,2013-04-19 08:35:43+00:00,rename multiBarHorizontalChart example,False,2211,0,7969,0,0,,,
97,d3f997d49cba2ee6568267c1410592a509bdc7fe,Areski Belaid,2013-04-19 08:35:59+00:00,rename pieChart example,False,2179,32,8001,0,32,,,
98,252e81efb687fecc1961a908444d0f096e9587b5,Areski Belaid,2013-04-19 08:36:03+00:00,rename pieChart example,False,2211,32,8033,32,0,,,
99,7c825b775bbdfec867d580417a2080865b88e3cd,Areski Belaid,2013-04-19 08:37:08+00:00,rename scatterChart example,False,2256,45,8078,45,0,,,
100,a7db9cf4456ff092abfa6694237d896b99a3793a,Areski Belaid,2013-04-19 08:37:29+00:00,remove scatterChart example from example02,False,2230,26,8104,0,26,,,
101,3b9199d1145cee7cb9955dc853b9306f179e07fd,Areski Belaid,2013-04-19 08:37:59+00:00,rename lineChart example,False,2188,42,8146,0,42,,,
102,38069cf66fabfdd7b719ee149a4de19e9956176f,Areski Belaid,2013-04-19 08:38:02+00:00,rename lineChart example,False,2230,42,8188,42,0,,,
103,db81db3f78daa6dc44e1113d5ff7377174a07ee0,Areski Belaid,2013-04-19 08:38:54+00:00,cleanup code,False,2229,3,8191,1,2,,,
104,28f9c8856a0ecdb6a9bb09a9ad03b9befc139cac,Areski Belaid,2013-04-19 08:39:09+00:00,cleanup code,False,2229,2,8193,1,1,,,
105,45d737b6a7c8badf3c86988c9fcc08d49d0629e5,Areski Belaid,2013-04-19 08:39:24+00:00,cleanup code,False,2229,2,8195,1,1,,,
106,9454b4cea4e8f2312d5a9ea3bcecbe5573ff2325,Areski Belaid,2013-04-19 08:39:41+00:00,cleanup code,False,2226,5,8200,1,4,,,
107,cac43c81844872bc71547ef94d0ef637cbb454f0,Areski Belaid,2013-04-19 08:40:14+00:00,cleanup code,False,2212,14,8214,0,14,,,
108,3480023c3fa5aee0a70a73e21cce27ed127e0722,Areski Belaid,2013-04-19 08:40:52+00:00,example multiBarChart,False,2248,36,8250,36,0,,,
109,5b05cd471a77ef4b58a91099605b621a7e02c34b,Areski Belaid,2013-04-19 08:41:02+00:00,cleanup code,False,2248,2,8252,1,1,,,
110,b707cea38e798bed04bdbc8141a9773ee8f2bc06,Areski Belaid,2013-04-19 08:41:15+00:00,cleanup code,False,2248,2,8254,1,1,,,
111,9a80c2b543a71e39c0e273ef1bfc201bcbb72eba,Areski Belaid,2013-04-19 08:41:29+00:00,example discreteBarChart,False,2198,50,8304,0,50,,,
112,026b0064989e2454b2c92c9b56639a2b2004b1db,Areski Belaid,2013-04-19 08:41:33+00:00,example discreteBarChart,False,2248,50,8354,50,0,,,
113,7396e95dfec263541c6fb12fe6b776b31f749788,Areski Belaid,2013-04-19 08:41:54+00:00,cleanup code,False,2230,20,8374,1,19,,,
114,a5933fb80945a1c32c64326eecd56a7e7985540a,Areski Belaid,2013-04-19 08:42:14+00:00,cleanup code,False,2230,2,8376,1,1,,,
115,39f1cee63e8c0e97b842dd569eb8331057732c9c,Shrenik Patel,2013-04-19 09:08:49+00:00,update multiBarHorizontalChart example,False,2229,3,8379,1,2,,,
116,35315c0fbbb917f9a07cf6ea443ba6d42e6be06e,Shrenik Patel,2013-04-19 09:35:47+00:00,refactor NVD3class,False,2228,7,8386,3,4,1.0,1.0,0.0
117,7815f15e8a3b88759da5a451f7ad0e8c93292551,Shrenik Patel,2013-04-19 10:38:42+00:00,update doc string,False,2361,195,8581,164,31,,,
118,31d03217611b953e41d31067ac63a5a36a77e925,Areski Belaid,2013-04-19 11:55:56+00:00,update CHANGELOG,False,2368,33,8614,20,13,,,
119,981b128853e57524429fe245cf97785852d2e41e,Areski Belaid,2013-04-19 12:01:00+00:00,clean code,False,2368,6,8620,3,3,,,
120,87da6013e979ad6e06a4a5180f8b64e056c97fa8,Shrenik Patel,2013-04-19 13:00:35+00:00,change lineChart example + NVD3Chart class for color field,False,2373,9,8629,7,2,0.0,0.0,0.0
121,15aa043fa7246406caa2472acd55c964cfcd5a3b,Shrenik Patel,2013-04-19 13:16:20+00:00,update demo_all.py,False,2380,19,8648,13,6,,,
122,310db7c8bda97a982f6f37e4f3ce0dd13b7b02b5,Shrenik Patel,2013-04-19 13:58:04+00:00,add color_category in NVD3Chart class,False,2389,13,8661,11,2,0.0,0.0,0.4
123,05a98fd509b987ad993b04367df9ef5ec50ae109,Shrenik Patel,2013-04-19 14:04:39+00:00,update doc string in NVD3Chart class,False,2391,10,8671,6,4,0.0,0.0,0.0
124,f0dd0a19aba057b21ea5156791064b00d2402acd,Shrenik Patel,2013-04-19 14:10:31+00:00,update NVD3Chart class,False,2389,8,8679,3,5,,,
125,1c5cc1523f6aa1b9f8f1e6f7e3702da511a8c94b,Areski Belaid,2013-04-19 14:12:03+00:00,update demo output,False,2389,2,8681,1,1,,,
126,0013094518f5c8d4640b8526f06e8ce9d74cca0c,Areski Belaid,2013-04-19 14:15:00+00:00,update demo color to keep the output elegant,False,2386,15,8696,6,9,,,
127,2f52fe0358e4e64c1bcbaaa7f5e543916ccfe004,Areski Belaid,2013-04-19 14:21:46+00:00,regroup all example,False,2456,70,8766,70,0,,,
128,f734e63f1d1b6f8dc15641f22901f596f3a2dcb6,Areski Belaid,2013-04-19 14:22:14+00:00,regroup all example,False,2456,52,8818,26,26,,,
129,b619dfac5be1e6e52b9ba0acbe118fb9f9c5939f,Areski Belaid,2013-04-19 14:37:24+00:00,update version,False,2456,2,8820,1,1,,,
130,1887d36da08ca89c02ee8655b4a3d9da7b3a8e93,Areski Belaid,2013-04-19 19:16:37+00:00,update header,False,2541,115,8935,100,15,,,
131,4f6fdcee5396115887ea5dee37c6ebcb16ff0b7a,Areski Belaid,2013-04-19 19:24:44+00:00,update documentation version,False,2542,7,8942,4,3,,,
132,afe11b9fce46c1e433cb845655766adca7365d68,Areski Belaid,2013-04-20 17:00:49+00:00,update documentation,False,2551,9,8951,9,0,,,
133,7b342b78f2f593d52dfa1ed30ed98a8fc3be9d7f,Shrenik Patel,2013-04-22 12:50:21+00:00,to fix lineChart tooltip,False,2543,8,8959,0,8,1.0,0.0,0.0
134,fca390e7dd0d806cd87fa3570ce23ad132d8c852,Areski Belaid,2013-04-22 13:51:17+00:00,add new example,False,2591,48,9007,48,0,,,
135,aef31c41fff154d0eed882143ee137376f47732b,Areski Belaid,2013-04-22 13:52:35+00:00,new version / update changelog,False,2596,9,9016,7,2,,,
136,95b3becd3246cd955916ac778eeab0fb38f890a5,David Arcos,2013-04-22 16:32:28+00:00,"The data series it now valid js

The data series (self.series) was in python format, in example:

    {'y': 6, 'x': 1338501600000L}

Now it's in javascript format, in example:

    {'y': 6, 'x': 1338501600000}

The default examples (linechart, linewithfocuschart) were failing ('Uncaught SyntaxError: Unexpected token ILLEGAL') because of the invalid js.",False,2598,4,9020,3,1,0.0,0.0,1.0
137,161984e953abbff3803a62d4a42a0d9a25d49e07,Areski Belaid,2013-04-23 09:33:05+00:00,update TODO,False,2598,6,9026,3,3,,,
138,6ab50139f02a05cf3ef27981ce333a863838d1b6,Areski Belaid,2013-04-23 09:49:45+00:00,update version / changelog,False,2603,7,9033,6,1,,,
139,16f118d62d6f3d199dde993ca2ed14d8f08df17a,Areski Belaid,2013-04-23 15:53:51+00:00,"* support for px and % on height and width
* add tag_script_js property to disable tag <script>",False,2619,36,9069,26,10,0.5714285714285714,0.0,1.0
140,59f7e93242f1b99803733257a8d50d7832152cbe,Areski Belaid,2013-04-23 16:20:40+00:00,update version / fix style,False,2627,20,9089,14,6,1.0,0.0,1.0
141,19360c39fe6bbc128176e55b9dcdad492537dbfd,Shrenik Patel,2013-04-24 06:43:38+00:00,add custom dateformat var for tooltip,False,2635,18,9107,13,5,0.0,0.25,0.25
142,00ac0a484bf8c83112e8db42b6ec06c4077d6823,Shrenik Patel,2013-04-24 07:10:42+00:00,Add x_axis_date_format var on various chart to modify x-axis display value,False,2636,35,9142,18,17,,,
143,9108a304d39643b9519b7cc4432dba623e273a91,Shrenik Patel,2013-04-24 07:28:17+00:00,update doc string + examples,False,2641,27,9169,16,11,,,
144,81ea92fd231f14051ae2a8cd362c24af6a2a1634,Areski Belaid,2013-04-24 07:59:58+00:00,add color_category,False,2640,5,9174,2,3,1.0,1.0,1.0
145,46d04b03dce90b751d5019bbd6629214d62c0b93,Areski Belaid,2013-04-24 08:06:56+00:00,update version / changelog,False,2646,12,9186,9,3,,,
146,4a389ec08110cfd4614ad49ddbfa35746c1bb6d7,Areski Belaid,2013-04-28 14:25:18+00:00,support for python3,False,2647,141,9327,71,70,0.6,0.6,0.6
147,633f05d5b119cfe3bc78b906cba605548d6896af,Areski Belaid,2013-04-28 14:27:04+00:00,add example cumulativeLineChart,False,2691,44,9371,44,0,,,
148,06c8c2645eb06b8a48ed3dcb38c71cc941c14129,Areski Belaid,2013-04-28 14:30:14+00:00,support for python3 - tests,False,2691,40,9411,20,20,,,
149,31e64c413e782498d0d50e6baad35d299d1dce37,Areski Belaid,2013-04-28 14:33:32+00:00,update changelog / version,False,2697,8,9419,7,1,,,
150,ed0751963abe31238dec9cc2ba51aec148741d24,Christopher Mejía Montoya,2013-04-29 07:05:36+00:00,test height,False,2697,2,9421,1,1,,,
151,ff89c25547cff4e68db6bcb7cfd41f0669cec5c7,Christopher Mejía Montoya,2013-04-29 07:15:06+00:00,Resolve height problem,False,2697,2,9423,1,1,,,
152,d6dc717030f5d5ebe2adb7e174bde6f6d4ae1346,jordanvg,2013-05-06 20:43:59+00:00,"Remove x-axis sorting

Sorting the x-axis ruins the mapping between the ydata and xdata lists.",False,2696,1,9424,0,1,1.0,1.0,1.0
153,0910486a4c04c68d322ee9c0de004a5a62a602f1,Areski Belaid,2013-05-06 21:47:17+00:00,change version / changelog / contributors,False,2703,11,9435,9,2,,,
154,493cbe44077fc297df4a0700378c089f5de4839d,Shrenik Patel,2013-05-28 13:05:55+00:00,added color list on piechart,False,2730,35,9470,31,4,0.0,0.0,0.8421052631578947
155,5dc734f19db0c6e1a3a040fd4fec32266e2fb974,Areski Belaid,2013-05-28 13:17:25+00:00,Set the color for piechart to match the fruit color,False,2730,2,9472,1,1,,,
156,c55da8dbd746596a43dd16528fc9e609b70fc9fd,Areski Belaid,2013-05-28 13:25:05+00:00,release v0.5,False,2736,8,9480,7,1,,,
157,399dcd0d7f17fec2660e70959fb066cc94eea106,Shrenik Patel,2013-05-28 13:29:55+00:00,update doc string,False,2738,2,9482,2,0,,,
158,838f891c5027f9a008fd84e1e390b9c6981abc01,Shrenik Patel,2013-05-30 12:06:31+00:00,update multiBarChart,False,2787,55,9537,52,3,1.0,1.0,0.0
159,1524c6257e491d69ec4229b5b1384abae53045b2,Areski Belaid,2013-05-30 12:41:05+00:00,add example all / rename examples/date_multiBarChart.py,False,2808,25,9562,23,2,,,
160,5b649a6da781a23c7b1ac13bef4982886e619571,Areski Belaid,2013-05-30 12:48:45+00:00,update version / Changelog,False,2815,9,9571,8,1,,,
161,38aa4817981792102fdbcd0273b52ffee758b6d6,Areski Belaid,2013-05-30 16:23:47+00:00,fix for Python3,False,2817,8,9579,5,3,1.0,1.0,1.0
162,ebd9f37e0ab6a4bcbb13ecb5e06742d24f9c788d,rodrigoprior,2013-05-31 15:16:09+00:00,enable plot size in scatterChart kwargs,False,2817,12,9591,6,6,,,
163,077191598cfb14a17348e6fe8f9a2e25371c2569,Areski Belaid,2013-05-31 16:53:48+00:00,add fix for size on scatterchart - set default valule,False,2821,18,9609,11,7,0.0,0.0,0.0
164,881f73f74e8a9b2dac7573002c85e0a3d3177c8d,Areski Belaid,2013-05-31 16:55:23+00:00,update CHANGELOG / Version,False,2825,6,9615,5,1,,,
165,eaef3138f2d97e0d241c299567d0c5f39b8faed7,DanMeakin,2013-06-04 14:50:40+00:00,"Added size variable to ScatterPlot series

ScatterPlots previously only supported a fixed/random size for points. This has been changed to support per-point variable size allowing for a third variable to be plotted along with the usual x, y variables.",False,2834,15,9630,12,3,0.0,0.0,0.0
166,9ca603ae76c255117b04c9b158b43362048b6457,DanMeakin,2013-06-04 15:23:34+00:00,Amended typo (shape -> cshape),False,2834,2,9632,1,1,,,
167,a328af62efabc06ec8e22f2d3545be117d4203bd,Shrenik Patel,2013-06-05 14:37:47+00:00,add sample AM_PM function for x-axis on lineChart,False,2865,55,9687,43,12,0.15,0.0,0.65
168,93472b80c788fb92296306490cb2723ba3b90c91,Areski Belaid,2013-06-05 14:50:27+00:00,update CHANGELOG / Version,False,2871,8,9695,7,1,,,
169,858b7c36b8103c7cbcb95d86f8347d7023038094,Areski Belaid,2013-06-12 11:50:05+00:00,Fix #7 - Str conversion of x-axis dates issue,False,2876,17,9712,11,6,1.0,1.0,1.0
170,85edcf031afcba34c5fe7b289399937e781db734,John Stowers,2013-07-09 09:27:18+00:00,"generalise axis_format handling

replace x_axis_date_format with x_axis_format, and support
y_axis_format too.",False,2878,26,9738,14,12,0.0,1.0,0.0
171,f3a64d1c3931163a98db0e3ec5063bd5a7d0ef30,John Stowers,2013-07-09 09:28:18+00:00,support hiding the chart legend,False,2886,8,9746,8,0,0.0,0.0,0.8
172,370d3a122fa0bfc4c6f57a5cd6e518968205611a,John Stowers,2013-07-09 09:28:43+00:00,add another linechart example showing new features,False,2922,36,9782,36,0,,,
173,81de10e706f3d05a56f0612ab147063fb557acd9,Areski Belaid,2013-07-09 12:25:06+00:00,update all examples with x_axis_format formalization,False,2922,28,9810,14,14,,,
174,96f20fdab1af9c8d84905d73dd8400d4831edfbd,Areski Belaid,2013-07-09 13:24:17+00:00,fix issue with discretbar + add new example to demoall,False,2942,56,9866,38,18,0.0,0.0,1.0
175,84ed7817fd45c6414cb9ce585f2864acd2183598,Areski Belaid,2013-07-09 13:29:55+00:00,next version 0.7,False,2945,5,9871,4,1,,,
176,f2abd2b498b0ff6576134f85c857452c1d8ab753,John Stowers,2013-07-09 18:57:10+00:00,"small tidy ups:

importantly, you should not put mutable objects
as class instances (header_css) otherwise odd things
happen",False,2922,55,9926,16,39,0.0,0.0,0.0
177,46603042987b0f6651359799ff67fe4efd2f6721,Ruslan Popov,2013-07-11 13:43:33+00:00,allow to hide labels,False,2928,42,9968,24,18,0.0,0.0,0.8
178,0a65b08d9306bd6b48e1e2b449f919bd147b5b38,Areski Belaid,2013-07-11 16:07:38+00:00,fix ShowLabels + add RaD to contributors,False,2935,17,9985,12,5,0.0,0.0,1.0
179,6c4beaa7d90dede18e9966ae5a47b447703d4eca,Chris Morgan,2013-08-15 10:34:27+00:00,"add NVD3Chart.buildcontent()

NVD3Chart().buildcontent() constructs NVD3Chart().htmlcontent with no head,
body tags. To be useful probably need the attribute jquery_on_ready to be set,
so the chart is evaluated once the page is loaded.

This is useful if you are plugging NVD3Chart into another templating engine
(such as Tornado's) and simply require the chart and content.

Note: updated examples/demo_all.py to use the buildcontent() method.",False,2985,116,10101,83,33,0.38461538461538464,0.38461538461538464,0.7692307692307693
180,7a63c9004383e6809e4b9d6a4041b852cf70a0bb,Areski Belaid,2013-08-15 11:05:04+00:00,fix pep8 and update change log / version,False,2988,11,10112,7,4,,,
181,05049597543716f1b5516529d42b907261c583ff,Areski Belaid,2013-08-15 11:14:40+00:00,replace // by http://,False,2988,6,10118,3,3,,,
182,62cb3e0a28f95c432e27c945be3744a8fa56ff76,Areski Belaid,2013-08-15 11:45:25+00:00,"remove graph that use numpy from demo_all, cause numpy is not a dependency",False,2965,23,10141,0,23,,,
183,aa0a24cd13fc67362abdf755cfd0f3c055e96f4e,Areski Belaid,2013-09-30 09:37:40+00:00,Update NVD3.js and D3.js / Use bower to install NVD3.js and D3.js,False,2983,34,10175,26,8,0.0,0.0,0.0
184,efe2356ae7575c21d06b5b4835c7715b44305ef1,Areski Belaid,2013-09-30 09:40:13+00:00,update CHANGELOG / version 0.9.0,False,2990,9,10184,8,1,,,
185,7af62e34096077c4cfb9c2c59cb9ee657dd60348,Shrenik Patel,2013-10-01 08:37:31+00:00,update pie chart + nvd3 file include,False,2993,25,10209,14,11,0.0,0.0,0.0
186,3e4087215ddd0032f9754e75608877d801ed785b,Shrenik Patel,2013-10-01 11:20:06+00:00,add linePlusBarChart example,False,3036,43,10252,43,0,,,
187,227f4e99890ea58b26f89f8e1e3de8333edb4c89,Shrenik Patel,2013-10-01 11:49:50+00:00,revert back changed in self.header_js,False,3042,26,10278,16,10,,,
188,fa61fc09a082769127e65718a0fe0a4de6c750fb,Shrenik Patel,2013-10-01 11:55:09+00:00,sample linePlusBarWithFocusChart,False,3162,120,10398,120,0,1.0,1.0,0.0
189,4a91753ee679422a9aadd08bc2a3edc710b006fc,Areski Belaid,2013-10-01 12:48:55+00:00,fix piechart,False,3165,17,10415,10,7,0.0,0.0,1.0
190,891106f61005c7f3e906a5c4af3b8790ecdf3611,Areski Belaid,2013-10-01 12:49:39+00:00,enable linePlusBarWithFocusChart,False,3165,6,10421,3,3,,,
191,4b45a946df89796373141be89406f94d52f5edc0,Shrenik Patel,2013-10-01 13:27:16+00:00,update linePlusBarWithFocusChart class,False,3190,129,10550,77,52,0.6190476190476191,0.6190476190476191,0.9047619047619048
192,53d18c9e26333a769e4349488a32f30593ea3d6a,Shrenik Patel,2013-10-01 14:05:43+00:00,update linePlusBarWithFocusChart class,False,3207,39,10589,28,11,0.0,0.8,0.0
193,da9da365e5403406eeaf96e53d21330a318f90f1,Shrenik Patel,2013-10-01 14:20:25+00:00,update linePlusBarWithFocusChart class,False,3207,10,10599,5,5,,,
194,caa378cccc504912b329c1ce42b7fe50b33f6f57,Shrenik Patel,2013-10-01 14:50:54+00:00,update linePlusBarWithFocusChart class,False,3208,9,10608,5,4,,,
195,dc19d41870ce450832b28e190eb762b59aa7a081,Shrenik Patel,2013-10-02 06:13:10+00:00,add example of linePlusBarWithFocusChart,False,3261,53,10661,53,0,,,
196,ad862b457e5c2e3284fe1167c3273e1be63e6d15,Shrenik Patel,2013-10-02 06:23:06+00:00,add linePlusBarWithFocusChart example in demo_all.py,False,3282,25,10686,23,2,,,
197,5c74137b97628ff63cfc5b6436c096fb17d19420,Shrenik Patel,2013-10-02 07:07:27+00:00,update doc,False,3294,36,10722,24,12,,,
198,5773ccabbd655d36f2c0222f811cd6a8d3521755,Areski Belaid,2013-10-02 17:46:56+00:00,improve example linePlusBarWithFocusChart,False,3294,14,10736,7,7,,,
199,183a68f87c38cc47fbc775eff48cb3d39213f0f3,Areski Belaid,2013-10-02 18:24:47+00:00,fix on demo_all display,False,3295,3,10739,2,1,,,
200,681c38451fd61f3276d66dcbc61876ae75777f70,Areski Belaid,2013-10-02 18:27:01+00:00,update CHANGELOG / version 0.10.0,False,3303,10,10749,9,1,,,
201,f6922b60372c7c8fffcf6dea0a4e287ed1f244d2,Areski Belaid,2013-10-02 18:32:36+00:00,update version 0.10.0 in doc,False,3303,4,10753,2,2,,,
202,64fca077ab5d03256512f8de1d1b7f370d5bf4fa,Shrenik Patel,2013-10-03 11:16:10+00:00,remove $ sign from linePlusBarWithFocusChart,False,3303,4,10757,2,2,,,
203,57a2d51e9e8a0305722a06a9dedcfa581b94f227,Areski Belaid,2013-10-03 11:23:11+00:00,update CHANGELOG / version 0.10.1,False,3309,10,10767,8,2,,,
204,2d5edaeafa62bfd44be1e38200e0c459746dc3b9,Shrenik Patel,2013-10-04 06:44:47+00:00,add date example in discreteBarChart,False,3355,50,10817,48,2,1.0,1.0,0.0
205,24bcf9a2f05670561a35e30799ae64e664b7df19,Areski Belaid,2013-10-04 09:20:58+00:00,update CHANGELOG / version 0.10.2,False,3361,10,10827,8,2,,,
206,d9c57ba05b70d455e33df140eb35c8f6b8e3e5fa,Areski Belaid,2013-10-04 09:35:50+00:00,change package description,False,3361,2,10829,1,1,,,
207,40a9984014aca4c8fdbd4a86f8f14bbfd228d093,imom0,2013-10-05 07:35:18+00:00,Remove unnecessary class inherits,False,3322,49,10878,5,44,,,
208,ce30796a9e03145046d60936c99ec00d7caa1f58,imom0,2013-10-05 07:37:05+00:00,Remove unnecessary class inherits,False,3283,49,10927,5,44,,,
209,f63834f71164f14a412004840d9417414ae8f6a9,Areski Belaid,2013-10-05 07:54:25+00:00,pep8 fix,False,3283,4,10931,2,2,,,
210,9dc0d91055605c6ae4f96170aac2f09b6f06450f,imom0,2013-10-06 17:08:12+00:00,Add translator.py,False,3344,61,10992,61,0,1.0,1.0,0.88
211,ba8666b618965ddd58210c9f1369a3d7e5600511,imom0,2013-10-06 18:01:36+00:00,Add assignment,False,3360,32,11024,24,8,1.0,1.0,0.5
212,9134a9ddd0ad1d858ae4e12d56f7b784330a8fb3,imom0,2013-10-07 01:39:50+00:00,Add TranslatorTest,False,3375,63,11087,39,24,0.2727272727272727,1.0,1.0
213,bf672df5b99e28eb5d8e55de4a71df972c39439a,Areski Belaid,2013-10-07 23:35:41+00:00,uniform parameters and kwargs,False,3365,132,11219,61,71,0.75,1.0,1.0
214,89be855154ac7b4d54590494adc7c7631a3e67a7,Shrenik Patel,2013-10-08 07:59:13+00:00,update NVD3Chart classes,False,3408,141,11360,92,49,0.0,1.0,1.0
215,61a3654d769db909c5193524cb028ca74b3b8761,Shrenik Patel,2013-10-08 08:20:21+00:00,refactor NVD3Chart class,False,3411,35,11395,19,16,1.0,0.0,0.0
216,4a0dceee16d7a7fdc7fac8ea4fbfd6f71bd31a2c,Shrenik Patel,2013-10-08 10:20:14+00:00,refactor NVD3Chart class,False,3408,21,11416,9,12,1.0,1.0,1.0
217,be65d2f02a67f53b82bb75bec7c10538f248e00a,Shrenik Patel,2013-10-08 11:03:44+00:00,update doc string in NVD3Chart class,False,3427,21,11437,20,1,,,
218,b1951e640c6d8219ca3d382c75860835bd80f4a8,Areski Belaid,2013-10-08 13:09:41+00:00,remove old version for command line,False,3428,3,11440,2,1,,,
219,cc80e5f08701d355c1c7e92867c7b3b557068dc6,Areski Belaid,2013-10-08 13:15:20+00:00,add name parameters as example,False,3428,8,11448,4,4,,,
220,723708bd8096d8add852cae2c86ecbc0f02b36f8,Shrenik Patel,2013-10-08 14:07:34+00:00,remove comment,False,3421,7,11455,0,7,,,
221,c3d47650e2de56d03391da355c64f7197fed3526,Areski Belaid,2013-10-08 22:32:01+00:00,add tag_script_js parameter in constructor,False,3422,1,11456,1,0,0.0,1.0,1.0
222,9a0a5375ec5da4f9f1faad863cd90977d0f45d9e,Areski Belaid,2013-10-09 10:15:54+00:00,update CHANGELOG / version 0.11.0,False,3422,10,11466,5,5,,,
223,b5327c369120f1f730246942c2a1a1eac8f87052,Areski Belaid,2013-10-09 10:35:30+00:00,update version 0.11.0,False,3422,2,11468,1,1,,,
224,4c36ebbadfad03d1c8e77b6f3d1f5717c5308d04,Shrenik Patel,2013-10-10 11:41:46+00:00,remove unwanted line,False,3421,1,11469,0,1,1.0,0.0,0.0
225,505bf0e0ea6c4f518e899a5b94f83ea02d4bbc21,bevanj,2013-10-13 22:37:31+00:00,add color_list attribute so it gets kwargs,False,3422,1,11470,1,0,0.0,1.0,1.0
226,ce3ed2cc1f3282656455313c4bcb353b9bdaa351,Areski Belaid,2013-10-15 17:22:11+00:00,quote normalization - thanks @kbsali,False,3422,68,11538,34,34,,,
227,c3785455b58ea05bac1a478403958e619ed3297f,Kevin Saliou,2013-10-18 10:17:41+00:00,add assets_directory variable and update README documentation concerning npm/bower dependencies,False,3436,40,11578,27,13,0.0,1.0,1.0
228,a151f39563a779d7449e4ee404b711bf9e9aa89b,zebulon2,2013-12-12 11:10:24+00:00,added custom chart attributes,False,3441,5,11583,5,0,0.0,0.3333333333333333,1.0
229,332aca65025f903f5659b3a6d040cfe0f2951f58,zebulon2,2013-12-12 11:11:52+00:00,typo,False,3441,2,11585,1,1,,,
230,9e1a456823edcb669485ef9ea8ac4e4e8389e496,zebulon2,2013-12-19 10:50:28+00:00,fix for AttributeError: 'NoneType' object has no attribute 'items',False,3441,2,11587,1,1,,,
231,4b0abc88cb52b9731f46bce8a812476c59636a7c,Areski Belaid,2013-12-20 13:26:00+00:00,fix colors for linecharts related to https://github.com/areski/django-nvd3/issues/16,False,3441,4,11591,2,2,,,
232,b0f8dd7fc6986f7b33427121dddadac54b331423,Frederik Wiehr,2014-01-16 00:55:22+00:00,"When using other shapes than circels for the scatteredPlot, the setting
is was not actually applied. Now setting chart.scatter.onlyCircles(false)
when the javascipt is build, fixes the problem.",False,3446,5,11596,5,0,0.0,0.0,1.0
233,dc4690e0ffb86ee10af8cd8e0fc814ec9d1710f2,Alex Gorrod,2014-02-10 01:00:18+00:00,"Add ability to specify explicit margin sizes to graphs.

Set the defaults so that reasonable values fit. Allow applications to
configure any combination of margins explicitly by using separate
fields.",False,3463,17,11613,17,0,0.0,0.5,1.0
234,69b8f8dd1efb8622f3224870d413d391b74f6578,Alex Gorrod,2014-02-10 01:14:25+00:00,Remove confusing default value duplicates.,False,3463,8,11621,4,4,,,
235,51ae61455d1cee313fe9127efa345c6430f72f53,Aleksey Shirokih,2014-02-18 10:57:18+00:00,"allow custom chart_attr

to make some ting like

    chart_attr = {
        'xAxis': '.rotateLabels(-25)',
        'margin': {'bottom': 90}
    }
    data = {
        'charttype': charttype,
        'chartdata': chartdata,
        'chartcontainer': chartcontainer,
        'extra': {
            'x_is_date': False,
            'x_axis_format': '',
            'tag_script_js': True,
            'jquery_on_ready': True,
            'chart_attr': chart_attr,
        },",False,3466,7,11628,5,2,0.0,0.0,1.0
236,b04d844ec7372c223b7707195267785b6f8982d0,usuari,2014-02-23 16:41:29+00:00,Implemented use of InteractiveGuideline,False,3498,34,11662,33,1,0.0,0.25,1.0
237,172bbcbf67aaca50fd05784510beb1401d1fcedc,jdavidheiser,2014-03-14 17:32:38+00:00,Added IPython Notebook support,False,4021,523,12185,523,0,0.4722222222222222,1.0,0.4722222222222222
238,4e71e7862a523649ac08334fc0c695d16ff4c775,jdavidheiser,2014-03-14 20:41:02+00:00,import fix,False,4021,2,12187,1,1,,,
239,79deede59b373b9cc641e28027b4ac5d5b6cf8d1,jdavidheiser,2014-03-14 21:59:40+00:00,python 3 print compatibility,False,4021,2,12189,1,1,,,
240,5781b40a4747f72e233949d809a97e63b7fe8688,T.N.T,2014-03-15 10:49:18+00:00,fixed erroneous discreteBarChart example in the docs; fixed url in README.rst; chmoded screenshots from 0755 to 0644,False,4010,57,12246,23,34,,,
241,7faa67567347972536f94a45b34fa93454c18f8f,T.N.T,2014-03-15 12:04:14+00:00,"created a seperate dir for the doc example images (""doc_images"")",False,4010,2,12248,1,1,,,
242,4b208357329cddc0f79d0c4dbb30f05ecd381b0b,T.N.T,2014-03-15 16:26:23+00:00,turned the multiBarChart doc example into something that makes some sense,False,4002,66,12314,29,37,,,
243,989b7601ce7a28f1728d41df8c92fd44ae3c6ed0,areski,2014-03-16 23:50:15+00:00,pep fixes in ipython notebook file + add Notebook support in Readme,False,4010,46,12360,27,19,1.0,0.0,1.0
244,95a71d0be144dd9aabfd7e821d3e14793adb6081,shrenik,2014-03-21 06:49:52+00:00,sample example of linePlusBarWithFocusChart_AMPM,False,4078,70,12430,69,1,0.0,0.0,1.0
245,fd4793da744f7edd6c7e1211d6810cb3df560a88,James Finucane,2014-03-25 10:18:40+00:00,added donut parameter to piechart in NVD3Chart,False,4142,64,12494,64,0,0.6153846153846154,0.6923076923076923,1.0
246,5a0ac7fad52fb29dbd47f44717497944595c1426,James Finucane,2014-03-25 10:41:38+00:00,add donut ratio parameter,False,4145,3,12497,3,0,0.0,0.5,1.0
247,2ff71620d01dd8a72063e814fde0c8fc495935d1,James Finucane,2014-03-25 10:43:05+00:00,fix test,False,4144,5,12502,2,3,0.0,0.0,0.0
248,c7bb4f1bfd5d0dc6b0ee3e8dfab6add1fac40985,Moritz Emanuel Beber,2014-03-27 15:24:48+00:00,repair template,False,4146,18,12520,10,8,,,
249,58ad4c5db5a32ea2e8a1441d651d6aef81d3f875,Justin Duke,2014-04-05 21:04:00+00:00,"Update NVD3Chart.py

Mini typo!",False,4146,2,12522,1,1,,,
250,487f8eadea39e4c40c78e57d37ade7bacb0ad328,Justin Duke,2014-04-05 21:05:28+00:00,Another typo.,False,4146,2,12524,1,1,,,
251,dd7077d9af266184f7c75e80c78522e6614c9a0f,Justin Duke,2014-04-09 03:41:14+00:00,Slugify chart names.,False,4155,11,12535,10,1,1.0,1.0,1.0
252,d4321911c1243248152bb790c0d104afdd2316e3,Justin Duke,2014-04-10 04:08:22+00:00,Don't invoke axes that haven't been changed,False,4161,10,12545,8,2,0.3333333333333333,0.3333333333333333,1.0
253,7ce17aa7e499d1b91849ab34019564314d04561f,Justin Duke,2014-04-10 04:09:45+00:00,Update documentation to reflect skipping unchanged axes,False,4158,3,12548,0,3,,,
254,640d62468bb14c825fb0d7f0e39ed31f2bf04f6a,areski,2014-04-16 11:24:38+00:00,fix slugify chart name issue fix #48,False,4162,36,12584,20,16,1.0,1.0,0.0
255,79e2138b236d77be1452e4d86b1ad4370c59405d,areski,2014-04-16 11:49:52+00:00,damn me with print,False,4161,1,12585,0,1,1.0,0.0,0.0
256,c60ec28583aeff66fcbbad1bc5d94e6fca34b9d3,areski,2014-05-26 13:22:07+00:00,rebase,False,4284,379,12964,251,128,1.0,1.0,0.0
257,621f42282c0de17290e886d043f84792d992e734,areski,2014-05-26 13:24:10+00:00,rebase,False,4283,65,13029,32,33,1.0,0.0,0.0
258,375c5ae201cc090ca9cef4f8b0b586b4185e10a6,Justin Duke,2014-05-26 13:24:25+00:00,Made things less broken.,False,4277,36,13065,15,21,0.0,0.0,0.0
259,1b9813d13cd1ff100ad96f368b9e1c89d845b123,Justin Duke,2014-05-26 13:24:25+00:00,Better refactoring and added the piechart.,False,4159,434,13499,158,276,1.0,1.0,0.0
260,ceab102c4226159a600dd6c115ac18e587d136a4,Justin Duke,2014-05-26 13:24:25+00:00,Converted all subcharts to Jinja.,False,4174,107,13606,61,46,0.6388888888888888,0.6388888888888888,0.0
261,c65f7ab6549c92196495b6f696e7bb8ea6bdc126,Justin Duke,2014-05-26 13:24:25+00:00,no more d3_select_extra,False,4168,10,13616,2,8,0.0,0.0,0.0
262,db0bbc53444f30fb0fe0b2f0a35473a64005b478,Justin Duke,2014-05-26 13:24:25+00:00,Unneeded stab references.,False,4168,8,13624,4,4,,,
263,d1b11a7e82a582dcae35ff2778c9b8573192736e,areski,2014-05-26 13:24:25+00:00,fix linePlusBarWithFocusChart with Jinja2,False,4209,49,13673,45,4,1.0,1.0,1.0
264,4ba10244f828242ed9219fc391e8900f31e3ad54,areski,2014-05-26 13:29:05+00:00,fix template - wrong rebase,False,4209,4,13677,2,2,,,
265,57525a7b5d9fa7902ff9f4611cece406d3de97f7,areski,2014-05-26 13:37:46+00:00,fix axisLabel,False,4209,4,13681,2,2,,,
266,4bcc5c87f3144564c5d197657b4343956224b074,areski,2014-05-26 16:51:37+00:00,fix for support on Django-NVD3,False,4232,59,13740,41,18,1.0,1.0,1.0
267,f85e5cd8f9325dbe6642bff767de6b2276768762,areski,2014-05-26 17:23:42+00:00,update version 0.12.0,False,4232,4,13744,2,2,,,
268,acea32f84359aef6773e2d2be22753f27272b8b0,areski,2014-05-27 09:48:19+00:00,refactoring + fixes to integrate with Django,False,4224,248,13992,120,128,0.0,0.0,1.0
269,547691a1fe7d0618047c311341acd35c526827ac,areski,2014-05-27 09:49:36+00:00,Update to version v0.12.1,False,4224,2,13994,1,1,,,
270,653fc5a5d156c32ce7f92c8174ada570a14ea446,areski,2014-05-30 11:45:57+00:00,change indent,False,4224,16,14010,8,8,1.0,0.0,0.0
271,eb3d51fcae024baf228d293545f27c469e380af1,areski,2014-05-30 11:53:23+00:00,fix requirements,False,4224,6,14016,3,3,1.0,1.0,1.0
272,2d8d1b091c97b093c4fdecf4dcfa59106d4a5b46,areski,2014-05-30 11:56:41+00:00,remove print / fail for python3,False,4223,1,14017,0,1,0.0,0.0,0.0
273,d35c494ec0d0fc3c3937b68c8900c7de0e0cabf9,areski,2014-05-30 14:02:16+00:00,fix unicode and update dependencies on slugify to awesome slugify,False,4222,23,14040,11,12,,,
274,767d2c9937afd4fa1b0d720682a2b09f6727e180,areski,2014-05-30 14:13:20+00:00,fix for python3,False,4222,2,14042,1,1,,,
275,ec0c58ccd50a191dbfe95810f96eb4cdb8d36b13,areski,2014-05-30 14:17:52+00:00,Update to version v0.12.2,False,4222,2,14044,1,1,,,
276,40a99758b1f47bfbd5ac90b3f02916577c1635dd,areski,2014-05-31 09:45:37+00:00,Add y_axis_format as a param in discreteBarChart - fix #54 from @gannetson,False,4224,2,14046,2,0,0.0,1.0,1.0
277,0c782e9f53293d7640241ef5258bad0a3347f203,areski,2014-05-31 10:29:57+00:00,add example of linechart with different X-Axis #17,False,4249,25,14071,25,0,,,
278,d864b4e717432896472b640b3dc256d6e70ade11,David Barajas,2014-06-09 20:54:56+00:00,Add axis labels to scatter charts,False,4248,5,14076,2,3,,,
279,4c7d35ad791f649d7413297eab8b2e1dab2197c8,David Barajas,2014-06-20 16:27:17+00:00,Allow to have custom formats in line charts,False,4250,6,14082,4,2,,,
280,3b82c50bde6adb6834513c94469c4098dfb161eb,oz123,2014-07-02 11:07:41+00:00,"Fix for issue #61

Improve LinePlusBarChart documentation",False,4251,3,14085,2,1,,,
281,f4285f76e08abf216edb920066a63c018ee7235e,areski,2014-07-02 21:46:22+00:00,bit of code refactoring,False,4256,45,14130,25,20,0.0,1.0,1.0
282,38f054da4bfb489cf0afdff2a029e282883c4e16,oz123,2014-07-03 12:12:56+00:00,"Fix for issue #61

Improve LinePlusBarChart documentation",False,4257,3,14133,2,1,,,
283,1fd6f683d829389ab7eac54041a175bde6a488aa,oz123,2014-07-04 07:07:59+00:00,Add chart extras to template and add documentation,False,4292,43,14176,39,4,0.6666666666666666,1.0,1.0
284,baca002f625391ee148228909918130eb4daf9d3,oz123,2014-07-04 08:11:52+00:00,"Allow easier customizing of the y-axis formats

This is especially useful if you have a line
and bar chart with two data series with extreme differences.
Such as:

    data_y1 = [10, 13, 14, 20]
    data_y2 = [0.0003, 0.0032, 0.0057, 0.0081]

In the above case one may one would like to format the first
y axis with:

        cart.y1Axis
                    .tickFormat(d3.format(',f'));

and the second y axis with:

        chart.y2Axis
                    .tickFormat(function(d) {
                     return d3.format(',0.4f')(d) });

This is now possible with passing a keyword ```yaxis2_format```
when creating a new ```linePlusBarChart`:

    chart = linePlusBarChart(name=""linePlusBarChart"",
                             width=500, height=400, x_axis_format=None,
                             yaxis2_format=""function(d) { return d3.format(',0.4f')(d) }"")",False,4309,21,14197,19,2,0.0,1.0,1.0
285,efd0f92719139a0511427bc4ccd2e77cc2aa9a51,oz123,2014-07-16 22:13:02+00:00,"Prepare the base for including js graphs

 * This huge commit addes the _page.html template
   with inclusion of the d3 and nvd3 static files
 * Remove some more references to pngs
 * Remove the pngs themselves from the tree
 * Remove all references to hard coded images
 * Add js css and page template",False,5148,993,15190,916,77,1.0,0.9393004115226338,0.9403292181069959
286,090ddcd9a91f436a8861eec58c1e46096925e585,oz123,2014-07-16 22:15:03+00:00,"Replace automodule instructions with autoclass

All the classes are available from nvd3 directly,
so it make sense to treat them as classes rather then module.
That said, the modules containing the classes, are pointed from
the module index!",False,5153,61,15251,33,28,,,
287,1a2813d19cc18e70f5cd7589bc9f05ec81fa53be,oz123,2014-07-16 22:36:13+00:00,all classes now include live js code,False,5105,1076,16327,514,562,,,
288,36d3774f4bed58eebfadccba8f03bba86a9a4ad1,areski,2014-07-17 10:45:51+00:00,fix images - clean of readme / introduction documentation,False,5102,89,16416,43,46,,,
289,3c651b86cdcceb7e378579ffc1e8977b927b3307,areski,2014-07-17 11:29:20+00:00,documentation - fix height / width of charts,False,5102,14,16430,7,7,,,
290,9ea0af323b5da01c3d4f8ac867dd76054e0a0001,areski,2014-07-17 11:48:48+00:00,fix chart height,False,5102,2,16432,1,1,,,
291,9a164ecfd867265afb9d92459b999ae7fc7bcb41,oz123,2014-07-18 20:03:41+00:00,"Update of NVD3Chart

Extend documentation, and make most class attribute instance
attributes.",False,5106,208,16640,106,102,0.0,0.9411764705882353,0.9411764705882353
292,92bf9fab345063548d3981d7f45912903ba21e4b,oz123,2014-07-18 20:10:40+00:00,"Add attributes related to pieChart

* These were removed earlier from NVD3Chart base class",False,5110,6,16646,5,1,1.0,1.0,1.0
293,f9ff8534d6c5a143444be2f523a0d0df26ef9d87,oz123,2014-07-18 20:11:26+00:00,pep8ify,False,5120,20,16666,15,5,,,
294,98abd84713adb41c0a5aeb1e0cf03c4a04432e82,oz123,2014-07-26 17:30:21+00:00,Fix a bug introduced earlier in scatterChart,False,5120,2,16668,1,1,,,
295,f1b11af67cf0fe1415416f597eb4a73ae9194b2e,oz123,2014-07-26 17:34:12+00:00,Line chart template now extends content,False,5123,7,16675,5,2,,,
296,8a663e2d78a8e937b0936411e30dfd8cb6e69ac3,oz123,2014-07-26 17:34:48+00:00,Discrete bar chart has it's own template now,False,5135,12,16687,12,0,1.0,1.0,1.0
297,8047cbec5fc727c500ec786935e2a3a1a3d84ba4,oz123,2014-07-26 17:35:31+00:00,"Use new style class for NVD3Chart

This allows calling super",False,5135,2,16689,1,1,,,
298,3a43eba2e209994ae53d0b094211dcf107bf27c5,oz123,2014-07-26 17:48:56+00:00,"Add a new class DiscreteBarChart

Note the capital D. This is a new class which does not
render so many templates like discreteBarChart. Rather,
this class renders a templates which exploits Jinja
template inheritance. This template simply extends the template
content.html.

Future release can do:

    discreteBarChart = DiscreteBarChart

Such that, if discreteBarChart is removed the old class is still
available from the user's point of view.

Also, this class violates the DRY principle, it overrides methods
of NVD3Chart base class. This pattern will be introduced by all
other Capital letter new classes. This methods can be moved later to
a Mixin class.",False,5229,98,16787,96,2,0.37037037037037035,1.0,1.0
299,65a8d77b990243536059fe9a45846b2477728255,oz123,2014-07-26 17:52:24+00:00,Add LineChart which uses template inheritance,False,5360,131,16918,131,0,0.29411764705882354,1.0,1.0
300,8f436a627c13b3a94c4953cdacea02b976461636,oz123,2014-07-26 17:52:57+00:00,Add LinePlusBarWithFocusChart which supports inheritance,False,5519,161,17079,160,1,0.23809523809523808,1.0,1.0
301,a336b8737d3801db5c2a2cc2b6ee81faf3e18142,oz123,2014-07-26 17:53:59+00:00,Add CumulativeLineChart,False,5639,120,17199,120,0,0.35714285714285715,1.0,1.0
302,61804f96e76c78d63e5cbe2af27ff250c84f40d7,oz123,2014-07-26 17:54:53+00:00,Add LinePlusBarChart,False,5761,122,17321,122,0,0.3225806451612903,1.0,1.0
303,ab1d373edff0e9448ca9328467c2b596ca6c948c,oz123,2014-07-26 18:21:44+00:00,Add LineWithFocusChart,False,5885,124,17445,124,0,0.3448275862068966,1.0,1.0
304,eaa0d22fe5197b21383e8b1ce46b0ddc91fa3903,oz123,2014-07-26 18:23:21+00:00,Add MultiBarChart,False,5993,108,17553,108,0,0.38461538461538464,1.0,1.0
305,873b75c9aa20f2c3c46881a40f5ab5bcbf836ce1,oz123,2014-07-26 18:23:45+00:00,Add MultiBarHorizontalChart,False,6095,102,17655,102,0,1.0,1.0,1.0
306,30afcded698eae6d1f6ea4e2ddd6d5def8908df3,oz123,2014-07-26 18:26:09+00:00,Add PieChart,False,6251,166,17821,161,5,1.0,1.0,1.0
307,8b46547a316fc922950488eb5d69500c5dc79faf,oz123,2014-07-26 18:27:37+00:00,Add forgotten model property,False,6253,2,17823,2,0,0.0,1.0,1.0
308,fae84a49b39a4cb2019283b03ce6e54b4613d1d0,oz123,2014-07-26 18:28:05+00:00,Modify example,False,6253,2,17825,1,1,,,
309,34764dd7d3cf9190880c49d7c3021d3c643d4e33,oz123,2014-07-26 18:28:29+00:00,Add ScatterChart,False,6362,113,17938,111,2,1.0,1.0,1.0
310,7f57ad2ec61d830669eeb5e6393ce840436cd562,oz123,2014-07-27 07:12:03+00:00,"Restructure content and linechart templates

Add some documentation to LineChart",False,6367,103,18041,54,49,0.0,0.0,0.0
311,12c9e8828b2b8cf960ccf3870311085270c0a2b9,oz123,2014-07-27 07:21:19+00:00,"Add TemplateMix to discreteBarChart

Add template for stackedareachart",False,6345,50,18091,14,36,0.0,0.0,0.0
312,6cbe45771111a290fb2776b775dfb8eca4fb3dcc,oz123,2014-07-27 07:21:23+00:00,Add the TemplateMix to base chart module,False,6365,20,18111,20,0,1.0,1.0,1.0
313,0a6a71ce867a841f26c0c0ef66c990487e762c30,oz123,2014-07-27 07:27:05+00:00,Add mixin to CumulativeLineChart,False,6336,41,18152,6,35,0.0,0.0,0.0
314,d540be471aa14ff55c0443796b15aa8a4f994e43,oz123,2014-07-27 07:31:31+00:00,"Add TemplateMixin to linePlusBarChart

Clean all methods",False,6311,59,18211,17,42,0.0,0.0,0.0
315,47b0b03bed5089dcd6d6dd467b8d218395738c3b,oz123,2014-07-27 07:33:59+00:00,Add template mixin to LinePlusBarWithFocusChart,False,6290,57,18268,18,39,0.0,0.0,0.0
316,b4457449b014289579b8a8045b6245e7549d9415,oz123,2014-07-27 07:39:47+00:00,Add template mixin to LineWithFocusChart,False,6268,52,18320,15,37,0.0,0.0,0.0
317,8912b31101239aa0f9687a9cf71b2da2c8653eb0,oz123,2014-07-27 07:39:50+00:00,Add template mixin to MultiBarChart,False,6238,34,18354,2,32,0.0,0.0,0.0
318,d6eaf363ecfb226386e18018fef3f8491db2db75,oz123,2014-07-27 07:46:27+00:00,Added template Mixin to MultiBarHorizontalChart,False,6209,33,18387,2,31,0.0,0.0,0.0
319,b7c453cbcadb021bb3823c4525baddd9eda7d1d7,oz123,2014-07-27 07:48:27+00:00,Add template mixin to PieChart,False,6180,33,18420,2,31,0.0,0.0,0.0
320,bc3dcb566d3f697c96dc5e055115ca69bbb2beaf,oz123,2014-07-27 07:50:03+00:00,Add template mixin to ScatterChart,False,6154,42,18462,8,34,0.0,0.0,0.0
321,5cfbd528e4b4c486dc93f93d6eb9f571150bde19,oz123,2014-07-27 08:18:42+00:00,"Add StackedAreaChart

Add Working example of StackedAreaChart",False,6220,68,18530,67,1,0.0,1.0,1.0
322,87c83a536007ca5628c55a39e71c553aa3dc056f,oz123,2014-07-27 08:50:35+00:00,"Update build for travis, Makefile as setup.py",False,6232,30,18560,21,9,,,
323,f8bfc07af8a04f16631391c40f6bab5ecd4ce456,areski,2014-07-31 19:11:06+00:00,Add coverage reporting to travis and coveralls thanks to @oz123,False,6250,26,18586,22,4,,,
324,f1d41edfed2c7163ed3b319acdae798d47dce970,oz123,2014-08-04 19:48:01+00:00,"Remove old lineChart class, add LineChart and alias

From User's point of view no a difference",False,6206,52,18638,4,48,0.8888888888888888,0.0,0.0
325,5a56a9667664f4e6a5595f74798936eb8a56d66d,oz123,2014-08-04 19:48:01+00:00,"Remove old pieChart class, add PieChart and alias

From User's point of view no a difference",False,6175,37,18675,3,34,0.0,0.0,0.0
326,c7f6f1af2dc4301dc20ae28df0b7c360429c2956,oz123,2014-08-04 19:48:01+00:00,"Remove old lineWithFocusChart add LineWithFocusChart

Add alias, such that from user point of view there
is no difference",False,6150,33,18708,4,29,1.0,0.0,0.0
327,38996f42cec970d038a281be6fe639961cf986fc,oz123,2014-08-04 19:48:01+00:00,"Replace multiBarHorizontalChart with the new class

And add alias ...",False,6134,20,18728,2,18,0.0,0.0,0.0
328,467a283fc5122c76e9a083baac96a5b1a8c01f35,oz123,2014-08-04 19:48:01+00:00,Replace old with new class and alias,False,6114,26,18754,3,23,1.0,0.0,0.0
329,390a502b8761b16b67910a86609a7bc591ebb16b,oz123,2014-08-04 19:48:01+00:00,"Remove old class, add new class alias",False,6089,33,18787,4,29,1.0,0.0,0.0
330,e554192bc9166a5fbfb913b30a09b74a6d84983f,oz123,2014-08-04 19:48:01+00:00,Remove old cumulativeLineChart add alias for new class,False,6070,41,18828,11,30,1.0,0.0,0.0
331,08c1b429037ece180acb395bfa913cee483c72a7,oz123,2014-08-04 19:48:01+00:00,Replace old class scatterChart with alias to new class,False,6059,45,18873,17,28,0.0,0.0,0.0
332,a90ab03a3f579bce02385e5b6b55705e77a94f6b,oz123,2014-08-04 19:48:01+00:00,Replace old class with an alias to the new class,False,6024,41,18914,3,38,0.8571428571428571,0.0,0.0
333,56d09b1bdd94b760862366ab108fff7d967068e5,oz123,2014-08-04 19:48:01+00:00,Replace multiBarChart with alias to new class,False,6004,30,18944,5,25,1.0,0.0,0.0
334,2a423aad4546df46a2c04226cfc74e2b88c1690c,oz123,2014-08-04 19:48:01+00:00,"Remove old linePlusBarWithFocusChart and relace with alias

Also remove unused template",False,5932,80,19024,4,76,0.9166666666666666,0.0,0.0
335,70f924957dc5386863dce6f93e489b599a324c47,oz123,2014-08-04 19:48:01+00:00,"Add jinja Environment and template loader to NVD3Chart

Thus, there is no need to initialize the Environment and
Loader with every child class.",False,5881,85,19109,17,68,,,
336,3e560c16b28b5cd1fbd6b1303a24f95395299789,oz123,2014-08-04 19:48:01+00:00,"Replace FileSystemLoader with PackageLoader

This is more elegant. We can add FileSystemLoader
later when we allow users to customise their templates
more easily ...
Also removed unused imports",False,5879,20,19129,9,11,,,
337,1d8ee695135b7ad5efcb7ce130b568d61a7ef214,oz123,2014-08-04 19:48:02+00:00,Remove EVIL eval call !!!,False,5873,10,19139,2,8,0.0,0.0,0.0
338,11c37425fc9c3e32d26638de3fc0b3f55066dbbb,oz123,2014-08-05 08:28:57+00:00,Fix for issue #37,False,5868,95,19234,45,50,0.0,0.0,0.0
339,a1f4c3d93b51df29eb0f8efbc8e77ecf1be52148,oz123,2014-08-19 07:13:42+00:00,Fix issue #67,False,5870,8,19242,5,3,0.0,0.0,1.0
340,6a3cb3a0f8f0681765fc7370ac9d1a97a0ac48ff,areski,2014-09-22 12:06:51+00:00,Update to version v0.13.0,False,5870,2,19244,1,1,,,
341,aa72cdcd1749b57cc456e3d53c6615d81ececfe3,areski,2014-09-22 13:27:05+00:00,fix some bugs on class name and endif template,False,5846,132,19376,54,78,,,
342,d7011880e3d63cb055dc08a5eb3a7b9218b427ff,areski,2014-09-22 14:39:27+00:00,Update to version v0.13.1,False,5846,2,19378,1,1,,,
343,59c106a67092e6442d9ca632d4a251295a118f7b,areski,2014-09-22 15:40:39+00:00,change dependencies for python slugify,False,5846,12,19390,6,6,,,
344,4b5621603d6fcf9554ebe3b4a9a87408019589c9,areski,2014-09-22 15:40:47+00:00,Update to version v0.13.2,False,5846,2,19392,1,1,,,
345,e7b0164d50cb5d9704615eb34d8190bd8f3866b3,areski,2014-09-25 23:18:13+00:00,fix issue to install packages,False,5843,7,19399,2,5,0.0,0.0,0.0
346,499b55845edbdee6683f182f1f3f2b6d6ab33158,areski,2014-09-25 23:18:34+00:00,Update to version v0.13.3,False,5843,4,19403,2,2,,,
347,23291c3e160edcb11cd8c3bd83a65a27e2697231,areski,2014-11-13 12:02:45+00:00,Fix append series thanks to @jeffrl,False,5844,5,19408,3,2,,,
348,81c717d5d40450dc214ec3969d7b1c1339684f56,areski,2014-11-13 12:05:27+00:00,Update to version v0.13.4,False,5844,4,19412,2,2,,,
349,c9f5956fbec36650ca8796842cb8448fb530e633,areski,2014-11-13 12:12:16+00:00,Fix: color_list extra arguments is not mandatory on piechart,False,5845,13,19425,7,6,1.0,1.0,1.0
350,befa7503c54a6e64bb83d738abb2b71e218dca06,areski,2014-11-13 12:12:21+00:00,Update to version v0.13.5,False,5845,4,19429,2,2,,,
351,2e677886d7b36f3aca641bbb2cc1117c3589b849,areski,2014-11-13 12:44:59+00:00,Improve test coverage,False,5904,71,19500,65,6,0.4666666666666667,1.0,1.0
352,611fefb14626846441d79190cc286b72b67a6a35,Kyle Solan,2015-02-23 05:54:08+00:00,"Fixed ipynb.py

Changed return value of _print_html() from chart.container + chart.jschart to chart.htmlcontent, since chart.buildjschart() is no longer functional.",False,5903,5,19505,2,3,0.0,0.0,0.0
353,4ebd4bf733ac4a0a2015f6f82be700be8754eb8c,Anand Patil,2015-03-12 03:24:26+00:00,Sourcing JS assets over https when appropriate,False,5907,24,19529,14,10,0.5,0.0,1.0
354,b38b9ebcff765c4631666526d0235ceb5216de1d,Anand Patil,2015-03-12 03:30:10+00:00,Updated inline docs,False,5907,6,19535,3,3,,,
355,92ac3e37577724770b50eebd585bc946ca882969,Anand Patil,2015-03-12 03:43:07+00:00,Some small fixes.,False,5907,4,19539,2,2,,,
356,ae2dd8c6963c08446f0bf5c4ab94af34f535dc46,Anand Patil,2015-03-12 03:54:09+00:00,Missing global declaration,False,5908,1,19540,1,0,1.0,1.0,1.0
357,472b32862ac82273d632fcb0cd1c6e22ca09f240,Anand Patil,2015-03-12 04:05:30+00:00,Further fix for global scope issue,False,5908,2,19542,1,1,,,
358,a7368d5f7add11b74d473c0d638999fe8247d490,areski,2015-04-05 18:30:32+00:00,remove linePlusBarWithFocusChart as it's discontinued in nvd3>=1.7,False,5496,430,19972,9,421,1.0,0.0,0.0
359,d373d1a551148198ebc1117ef8b042314af75576,areski,2015-04-06 12:15:08+00:00,add support for focusEnable,False,5507,165,20137,88,77,0.0,0.0,1.0
360,e2ccc20a6fecee3cfdbc1dc3d3468331d99e6cdf,areski,2015-04-06 12:15:58+00:00,Update to version v0.13.6,False,5507,4,20141,2,2,,,
361,ce319eea5c83bed6d29612c506fb2b3962de07f6,areski,2015-04-06 14:35:25+00:00,remove examples/LineChart.py,False,5466,41,20182,0,41,,,
362,25cc5695b7e705b7f4303fd3549f852c73446b15,areski,2015-04-06 16:18:27+00:00,Create x2Axis if focus_enable,False,5477,11,20193,11,0,0.0,0.0,0.0
363,a35a95b8782ce52627adc20dbfa86547cde3f31d,areski,2015-04-06 16:18:52+00:00,Update to version v0.13.7,False,5477,4,20197,2,2,,,
364,fa59bc1b0ee41a52a98f0b015ea04443b7cc72f4,Teodor Yantcheff,2015-04-08 22:54:05+00:00,Added simplejson to imports,False,5479,4,20201,3,1,,,
365,a6b2677dd42e12a0e053c661fe6632e2692e2f99,Oz Nahum Tiram,2015-04-10 20:27:44+00:00,Fix requirements,False,5479,2,20203,1,1,,,
366,38ad77486e33d5bd5ac7c09610d6294987dfe98b,Oz Nahum Tiram,2015-04-10 20:32:07+00:00,"Update resouces

 This way users get demo work out of the box",False,5480,7,20210,4,3,,,
367,2860ed10bd7d59da429b75fe5e5a9f3abc2bedbe,Oz Nahum Tiram,2015-04-10 22:11:26+00:00,Fix help string,False,5480,4,20214,2,2,,,
368,7933c51f379a648fa32dd17de7427bbed66af786,areski,2015-04-12 09:41:48+00:00,fix scatterChart & demo_all,False,5478,44,20258,21,23,,,
369,916cddf3029d62a9a6c407e6b4af2d95f85ea821,areski,2015-04-12 10:17:39+00:00,Update to version v0.13.8,False,5484,10,20268,8,2,,,
370,a3091a166f13663b3bfe8ff9a317801ed2720023,Oz Nahum Tiram,2015-04-13 17:59:27+00:00,Fix entry point for console scripts,False,5484,2,20270,1,1,,,
371,4a92fddc4a932e278a71f99eb1daac43dc484eb7,Oz Nahum Tiram,2015-04-13 18:03:10+00:00,Fix broken links for css and js resources,False,5484,22,20292,11,11,,,
372,bc2b175d9115aacf6203eba9eedef3ea808ed253,Oz Nahum Tiram,2015-04-13 18:03:17+00:00,pep8ify,False,5490,18,20310,12,6,0.6666666666666666,0.6666666666666666,0.6666666666666666
373,27f795b2b26f713204768ec7d0e71695bc93abfb,Oz Nahum Tiram,2015-05-03 08:19:42+00:00,pep8,False,5490,8,20318,4,4,,,
374,56d4cdb1503358575ba5561fccabb1ff2dadd892,Oz Nahum Tiram,2015-05-03 09:46:34+00:00,Update to version v0.13.9,False,5490,8,20326,4,4,,,
375,c389105fa091d034946dde412453314098a0f7b5,Oz Nahum Tiram,2015-05-03 09:49:43+00:00,Update to version v0.13.10,False,5490,4,20330,2,2,,,
376,7731e29574e625c3de85cb4ab753fc39a192f29b,areski,2015-07-30 10:33:47+00:00,try to fix doc example,False,5490,2,20332,1,1,,,
377,2b70bec5b1ae3faecfe95ac3d395b1c2b54f5484,areski,2015-07-30 14:33:40+00:00,fix in documentation and examples,False,5492,82,20414,42,40,,,
378,8787dbd2e4eff97a57e0c002e89c37e5773e4242,areski,2015-08-04 21:47:12+00:00,rename and delete examples,False,5177,315,20729,0,315,,,
379,52deaca26266a80d11381099f2456c5fcdc69913,areski,2015-08-16 13:57:01+00:00,fix linePlusBarChart focus - thanks @dnqbob,False,5216,51,20780,45,6,0.0,1.0,1.0
380,d123c2b55272c92a1093ab00a64868ad353be523,areski,2015-10-27 22:24:18+00:00,run test on python 3.4 & 3.5,False,5218,8,20788,5,3,,,
381,ec9ad31004cd36c90f326862b1143ac4e50a950e,djchou,2015-10-29 03:44:43+00:00,"Update for jupyter compatibility

In Jupyter, the _ip.__module__ is 'ipykernel.zmqshell', which did not start with 'iPython'.  This prevented the remaining code from running.",False,5218,2,20790,1,1,,,
382,ab666e82698c7b3c17c3cf46c52efee3b3e84fb4,areski,2015-11-11 15:20:32+00:00,bump requirements,False,5219,11,20801,6,5,,,
383,e408e54c496eb60f482af5e0fe1f799379f3f099,areski,2015-12-09 17:53:10+00:00,update project structure,False,5259,234,21035,137,97,0.9534883720930233,0.9534883720930233,0.9534883720930233
384,18112153cf76ba1e9750145c486db1947fa8c325,areski,2015-12-09 17:55:21+00:00,Update to version v0.14.0,False,5259,4,21039,2,2,,,
385,58a5fba7abb59f9350e357e8d302a3b2843f7ad6,Bolke de Bruin,2018-03-26 13:47:27+00:00,[fix] Update python-slugify to at least 1.2.5 - thanks @bolkedebruin,False,5258,9,21048,4,5,,,
386,f9f811ebc5abd625d63da79e936d9015497b5f58,areski,2018-03-26 13:53:21+00:00,Update to version v0.15.0,False,5258,4,21052,2,2,,,
387,dc8e772597ed72f413b229856fc9a3318e57fcfc,areski,2020-10-29 12:23:45+00:00,[fix](examples) update for Python3,False,5259,9,21061,5,4,,,
